,time,S,I,R,M
0,0.00000,500.00000,5.00000,0.00000,0.00000
1,0.05000,499.74596,5.16510,0.06353,0.02541
2,0.10000,499.48367,5.33552,0.12915,0.05166
3,0.15000,499.21287,5.51142,0.19694,0.07877
4,0.20000,498.93330,5.69295,0.26696,0.10678
5,0.25000,498.64470,5.88030,0.33929,0.13571
6,0.30000,498.34677,6.07364,0.41399,0.16560
7,0.35000,498.03925,6.27314,0.49115,0.19646
8,0.40000,497.72182,6.47899,0.57085,0.22834
9,0.45000,497.39420,6.69139,0.65315,0.26126
10,0.50000,497.05607,6.91051,0.73816,0.29526
11,0.55000,496.70711,7.13657,0.82595,0.33038
12,0.60000,496.34700,7.36976,0.91660,0.36664
13,0.65000,495.97540,7.61029,1.01022,0.40409
14,0.70000,495.59198,7.85837,1.10689,0.44276
15,0.75000,495.19638,8.11423,1.20671,0.48268
16,0.80000,494.78823,8.37808,1.30978,0.52391
17,0.85000,494.36718,8.65015,1.41620,0.56648
18,0.90000,493.93283,8.93067,1.52607,0.61043
19,0.95000,493.48482,9.21988,1.63950,0.65580
20,1.00000,493.02273,9.51803,1.75660,0.70264
21,1.05000,492.54616,9.82536,1.87749,0.75100
22,1.10000,492.05470,10.14212,2.00228,0.80091
23,1.15000,491.54792,10.46856,2.13108,0.85243
24,1.20000,491.02539,10.80496,2.26403,0.90561
25,1.25000,490.48667,11.15158,2.40125,0.96050
26,1.30000,489.93130,11.50869,2.54287,1.01715
27,1.35000,489.35882,11.87656,2.68901,1.07560
28,1.40000,488.76876,12.25548,2.83983,1.13593
29,1.45000,488.16064,12.64574,2.99545,1.19818
30,1.50000,487.53396,13.04761,3.15602,1.26241
31,1.55000,486.88824,13.46140,3.32169,1.32867
32,1.60000,486.22295,13.88740,3.49260,1.39704
33,1.65000,485.53759,14.32592,3.66892,1.46757
34,1.70000,484.83162,14.77725,3.85080,1.54032
35,1.75000,484.10451,15.24171,4.03841,1.61536
36,1.80000,483.35572,15.71961,4.23190,1.69276
37,1.85000,482.58470,16.21126,4.43146,1.77258
38,1.90000,481.79087,16.71698,4.63724,1.85490
39,1.95000,480.97369,17.23709,4.84944,1.93978
40,2.00000,480.13256,17.77191,5.06823,2.02729
41,2.05000,479.26692,18.32176,5.29380,2.11752
42,2.10000,478.37616,18.88696,5.52634,2.21054
43,2.15000,477.45970,19.46784,5.76604,2.30642
44,2.20000,476.51694,20.06472,6.01310,2.40524
45,2.25000,475.54727,20.67792,6.26773,2.50709
46,2.30000,474.55007,21.30776,6.53012,2.61205
47,2.35000,473.52474,21.95457,6.80049,2.72020
48,2.40000,472.47066,22.61866,7.07906,2.83162
49,2.45000,471.38720,23.30035,7.36603,2.94641
50,2.50000,470.27375,23.99995,7.66164,3.06466
51,2.55000,469.12969,24.71776,7.96611,3.18644
52,2.60000,467.95438,25.45410,8.27966,3.31186
53,2.65000,466.74721,26.20924,8.60254,3.44101
54,2.70000,465.50755,26.98349,8.93497,3.57399
55,2.75000,464.23480,27.77711,9.27721,3.71088
56,2.80000,462.92833,28.59040,9.62948,3.85179
57,2.85000,461.58754,29.42360,9.99205,3.99682
58,2.90000,460.21182,30.27697,10.36516,4.14606
59,2.95000,458.80058,31.15074,10.74906,4.29962
60,3.00000,457.35323,32.04516,11.14401,4.45760
61,3.05000,455.86919,32.96042,11.55027,4.62011
62,3.10000,454.34791,33.89674,11.96811,4.78724
63,3.15000,452.78883,34.85428,12.39778,4.95911
64,3.20000,451.19141,35.83321,12.83955,5.13582
65,3.25000,449.55513,36.83369,13.29370,5.31748
66,3.30000,447.87949,37.85583,13.76049,5.50419
67,3.35000,446.16400,38.89973,14.24019,5.69607
68,3.40000,444.40821,39.96549,14.73307,5.89323
69,3.45000,442.61166,41.05316,15.23942,6.09577
70,3.50000,440.77395,42.16276,15.75949,6.30380
71,3.55000,438.89469,43.29431,16.29358,6.51743
72,3.60000,436.97351,44.44777,16.84194,6.73678
73,3.65000,435.01008,45.62311,17.40486,6.96194
74,3.70000,433.00411,46.82023,17.98261,7.19304
75,3.75000,430.95533,48.03903,18.57546,7.43018
76,3.80000,428.86351,49.27935,19.18367,7.67347
77,3.85000,426.72845,50.54101,19.80753,7.92301
78,3.90000,424.55000,51.82379,20.44729,8.17892
79,3.95000,422.32806,53.12744,21.10321,8.44128
80,4.00000,420.06255,54.45167,21.77556,8.71022
81,4.05000,417.75344,55.79614,22.46459,8.98584
82,4.10000,415.40076,57.16048,23.17055,9.26822
83,4.15000,413.00457,58.54428,23.89368,9.55747
84,4.20000,410.56499,59.94708,24.63423,9.85369
85,4.25000,408.08220,61.36839,25.39243,10.15697
86,4.30000,405.55641,62.80767,26.16852,10.46741
87,4.35000,402.98789,64.26433,26.96270,10.78508
88,4.40000,400.37697,65.73775,27.77520,11.11008
89,4.45000,397.72405,67.22726,28.60621,11.44248
90,4.50000,395.02955,68.73213,29.45594,11.78238
91,4.55000,392.29398,70.25162,30.32457,12.12983
92,4.60000,389.51789,71.78491,31.21229,12.48492
93,4.65000,386.70189,73.33116,32.11925,12.84770
94,4.70000,383.84666,74.88947,33.04562,13.21825
95,4.75000,380.95293,76.45892,33.99153,13.59661
96,4.80000,378.02149,78.03853,34.95713,13.98285
97,4.85000,375.05318,79.62728,35.94254,14.37701
98,4.90000,372.04890,81.22411,36.94785,14.77914
99,4.95000,369.00964,82.82793,37.97317,15.18927
100,5.00000,365.93639,84.43761,39.01857,15.60743
101,5.05000,362.83025,86.05198,40.08413,16.03365
102,5.10000,359.69233,87.66983,41.16989,16.46795
103,5.15000,356.52382,89.28995,42.27588,16.91035
104,5.20000,353.32595,90.91106,43.40214,17.36086
105,5.25000,350.10000,92.53188,44.54866,17.81946
106,5.30000,346.84732,94.15108,45.71543,18.28617
107,5.35000,343.56926,95.76735,46.90242,18.76097
108,5.40000,340.26725,97.37932,48.10959,19.24384
109,5.45000,336.94275,98.98561,49.33688,19.73475
110,5.50000,333.59726,100.58485,50.58420,20.23368
111,5.55000,330.23230,102.17564,51.85147,20.74059
112,5.60000,326.84945,103.75658,53.13855,21.25542
113,5.65000,323.45028,105.32625,54.44534,21.77813
114,5.70000,320.03643,106.88325,55.77166,22.30866
115,5.75000,316.60953,108.42617,57.11736,22.84694
116,5.80000,313.17123,109.95362,58.48225,23.39290
117,5.85000,309.72323,111.46420,59.86613,23.94645
118,5.90000,306.26719,112.95652,61.26878,24.50751
119,5.95000,302.80482,114.42924,62.68996,25.07598
120,6.00000,299.33781,115.88100,64.12942,25.65177
121,6.05000,295.86787,117.31048,65.58689,26.23476
122,6.10000,292.39669,118.71639,67.06208,26.82483
123,6.15000,288.92598,120.09745,68.55470,27.42188
124,6.20000,285.45740,121.45242,70.06441,28.02576
125,6.25000,281.99263,122.78012,71.59089,28.63636
126,6.30000,278.53333,124.07936,73.13380,29.25352
127,6.35000,275.08113,125.34902,74.69276,29.87710
128,6.40000,271.63763,126.58802,76.26739,30.50696
129,6.45000,268.20444,127.79531,77.85732,31.14293
130,6.50000,264.78309,128.96991,79.46214,31.78486
131,6.55000,261.37513,130.11087,81.08143,32.43257
132,6.60000,257.98204,131.21729,82.71477,33.08591
133,6.65000,254.60527,132.28833,84.36172,33.74469
134,6.70000,251.24624,133.32320,86.02183,34.40873
135,6.75000,247.90633,134.32117,87.69464,35.07786
136,6.80000,244.58686,135.28156,89.37970,35.75188
137,6.85000,241.28913,136.20374,91.07652,36.43061
138,6.90000,238.01437,137.08715,92.78463,37.11385
139,6.95000,234.76378,137.93127,94.50354,37.80141
140,7.00000,231.53849,138.73566,96.23275,38.49310
141,7.05000,228.33960,139.49993,97.97176,39.18870
142,7.10000,225.16816,140.22374,99.72008,39.88803
143,7.15000,222.02514,140.90680,101.47718,40.59087
144,7.20000,218.91149,141.54890,103.24258,41.29703
145,7.25000,215.82809,142.14988,105.01574,42.00629
146,7.30000,212.77577,142.70962,106.79615,42.71846
147,7.35000,209.75531,143.22806,108.58330,43.43332
148,7.40000,206.76743,143.70521,110.37668,44.15067
149,7.45000,203.81281,144.14112,112.17576,44.87031
150,7.50000,200.89207,144.53588,113.98004,45.59201
151,7.55000,198.00577,144.88964,115.78899,46.31560
152,7.60000,195.15444,145.20261,117.60211,47.04084
153,7.65000,192.33853,145.47503,119.41889,47.76755
154,7.70000,189.55848,145.70718,121.23882,48.49553
155,7.75000,186.81464,145.89940,123.06140,49.22456
156,7.80000,184.10735,146.05206,124.88614,49.95445
157,7.85000,181.43688,146.16557,126.71254,50.68501
158,7.90000,178.80345,146.24039,128.54011,51.41605
159,7.95000,176.20727,146.27698,130.36839,52.14735
160,8.00000,173.64848,146.27588,132.19688,52.87875
161,8.05000,171.12719,146.23763,134.02513,53.61005
162,8.10000,168.64345,146.16281,135.85267,54.34107
163,8.15000,166.19731,146.05202,137.67905,55.07162
164,8.20000,163.78875,145.90589,139.50382,55.80153
165,8.25000,161.41774,145.72508,141.32655,56.53062
166,8.30000,159.08420,145.51027,143.14681,57.25872
167,8.35000,156.78803,145.26214,144.96417,57.98567
168,8.40000,154.52908,144.98140,146.77823,58.71129
169,8.45000,152.30720,144.66880,148.58857,59.43543
170,8.50000,150.12219,144.32507,150.39482,60.15793
171,8.55000,147.97384,143.95096,152.19657,60.87863
172,8.60000,145.86191,143.54723,153.99347,61.59739
173,8.65000,143.78614,143.11468,155.78513,62.31405
174,8.70000,141.74623,142.65406,157.57122,63.02849
175,8.75000,139.74190,142.16618,159.35137,63.74055
176,8.80000,137.77281,141.65183,161.12526,64.45010
177,8.85000,135.83863,141.11179,162.89256,65.15702
178,8.90000,133.93900,140.54687,164.65295,65.86118
179,8.95000,132.07356,139.95786,166.40613,66.56245
180,9.00000,130.24193,139.34555,168.15180,67.26072
181,9.05000,128.44370,138.71075,169.88968,67.95587
182,9.10000,126.67848,138.05424,171.61948,68.64779
183,9.15000,124.94586,137.37681,173.34095,69.33638
184,9.20000,123.24541,136.67925,175.05382,70.02153
185,9.25000,121.57670,135.96232,176.75785,70.70314
186,9.30000,119.93929,135.22679,178.45280,71.38112
187,9.35000,118.33275,134.47343,180.13844,72.05538
188,9.40000,116.75662,133.70299,181.81456,72.72582
189,9.45000,115.21046,132.91622,183.48095,73.39238
190,9.50000,113.69380,132.11384,185.13740,74.05496
191,9.55000,112.20620,131.29658,186.78373,74.71349
192,9.60000,110.74719,130.46515,188.41976,75.36790
193,9.65000,109.31632,129.62026,190.04530,76.01812
194,9.70000,107.91312,128.76259,191.66021,76.66408
195,9.75000,106.53713,127.89283,193.26432,77.30573
196,9.80000,105.18790,127.01163,194.85748,77.94299
197,9.85000,103.86496,126.11965,196.43956,78.57583
198,9.90000,102.56786,125.21753,198.01043,79.20417
199,9.95000,101.29615,124.30590,199.56996,79.82799
200,10.00000,100.04937,123.38537,201.11804,80.44722
201,10.05000,98.82707,122.45654,202.65456,81.06183
202,10.10000,97.62882,121.51999,204.17942,81.67177
203,10.15000,96.45416,120.57630,205.69253,82.27701
204,10.20000,95.30265,119.62602,207.19380,82.87752
205,10.25000,94.17388,118.66970,208.68316,83.47326
206,10.30000,93.06739,117.70787,210.16052,84.06421
207,10.35000,91.98278,116.74105,211.62583,84.65033
208,10.40000,90.91962,115.76973,213.07903,85.23161
209,10.45000,89.87750,114.79442,214.52006,85.80802
210,10.50000,88.85600,113.81557,215.94888,86.37955
211,10.55000,87.85472,112.83366,217.36544,86.94618
212,10.60000,86.87327,111.84914,218.76971,87.50788
213,10.65000,85.91125,110.86243,220.16166,88.06466
214,10.70000,84.96828,109.87395,221.54126,88.61650
215,10.75000,84.04397,108.88413,222.90850,89.16340
216,10.80000,83.13794,107.89335,224.26336,89.70534
217,10.85000,82.24984,106.90200,225.60583,90.24233
218,10.90000,81.37929,105.91044,226.93591,90.77436
219,10.95000,80.52594,104.91903,228.25359,91.30144
220,11.00000,79.68943,103.92812,229.55889,91.82355
221,11.05000,78.86943,102.93805,230.85180,92.34072
222,11.10000,78.06559,101.94913,232.13234,92.85294
223,11.15000,77.27758,100.96168,233.40053,93.36021
224,11.20000,76.50507,99.97598,234.65639,93.86256
225,11.25000,75.74774,98.99234,235.89994,94.35998
226,11.30000,75.00527,98.01103,237.13121,94.85248
227,11.35000,74.27737,97.03231,238.35023,95.34009
228,11.40000,73.56371,96.05645,239.55703,95.82281
229,11.45000,72.86401,95.08367,240.75165,96.30066
230,11.50000,72.17798,94.11423,241.93414,96.77365
231,11.55000,71.50532,93.14834,243.10452,97.24181
232,11.60000,70.84577,92.18623,244.26286,97.70514
233,11.65000,70.19903,91.22809,245.40920,98.16368
234,11.70000,69.56485,90.27413,246.54358,98.61743
235,11.75000,68.94296,89.32454,247.66607,99.06643
236,11.80000,68.33311,88.37949,248.77671,99.51069
237,11.85000,67.73503,87.43916,249.87557,99.95023
238,11.90000,67.14849,86.50372,250.96271,100.38508
239,11.95000,66.57323,85.57330,252.03819,100.81528
240,12.00000,66.00903,84.64808,253.10207,101.24083
241,12.05000,65.45565,83.72817,254.15441,101.66176
242,12.10000,64.91286,82.81373,255.19529,102.07812
243,12.15000,64.38044,81.90487,256.22478,102.48991
244,12.20000,63.85817,81.00171,257.24294,102.89718
245,12.25000,63.34585,80.10437,258.24985,103.29994
246,12.30000,62.84325,79.21295,259.24557,103.69823
247,12.35000,62.35018,78.32755,260.23019,104.09208
248,12.40000,61.86644,77.44826,261.20379,104.48151
249,12.45000,61.39182,76.57518,262.16643,104.86657
250,12.50000,60.92616,75.70838,263.11819,105.24728
251,12.55000,60.46924,74.84793,264.05916,105.62367
252,12.60000,60.02090,73.99392,264.98942,105.99577
253,12.65000,59.58094,73.14640,265.90904,106.36362
254,12.70000,59.14921,72.30544,266.81811,106.72724
255,12.75000,58.72553,71.47109,267.71670,107.08668
256,12.80000,58.30972,70.64340,268.60491,107.44196
257,12.85000,57.90163,69.82243,269.48281,107.79313
258,12.90000,57.50110,69.00820,270.35050,108.14020
259,12.95000,57.10797,68.20076,271.20805,108.48322
260,13.00000,56.72209,67.40015,272.05555,108.82222
261,13.05000,56.34331,66.60638,272.89308,109.15723
262,13.10000,55.97148,65.81949,273.72073,109.48829
263,13.15000,55.60646,65.03951,274.53860,109.81544
264,13.20000,55.24811,64.26644,275.34675,110.13870
265,13.25000,54.89629,63.50031,276.14529,110.45811
266,13.30000,54.55088,62.74112,276.93429,110.77372
267,13.35000,54.21173,61.98889,277.71384,111.08554
268,13.40000,53.87873,61.24362,278.48404,111.39362
269,13.45000,53.55175,60.50531,279.24496,111.69799
270,13.50000,53.23066,59.77396,279.99670,111.99868
271,13.55000,52.91535,59.04958,280.73934,112.29574
272,13.60000,52.60569,58.33215,281.47297,112.58919
273,13.65000,52.30159,57.62167,282.19767,112.87907
274,13.70000,52.00292,56.91813,282.91354,113.16542
275,13.75000,51.70957,56.22151,283.62066,113.44826
276,13.80000,51.42144,55.53181,284.31911,113.72764
277,13.85000,51.13843,54.84900,285.00898,114.00359
278,13.90000,50.86043,54.17307,285.69036,114.27614
279,13.95000,50.58734,53.50399,286.36333,114.54533
280,14.00000,50.31907,52.84174,287.02799,114.81120
281,14.05000,50.05552,52.18631,287.68441,115.07376
282,14.10000,49.79660,51.53766,288.33267,115.33307
283,14.15000,49.54221,50.89576,288.97288,115.58915
284,14.20000,49.29227,50.26059,289.60510,115.84204
285,14.25000,49.04669,49.63212,290.22942,116.09177
286,14.30000,48.80539,49.01032,290.84593,116.33837
287,14.35000,48.56827,48.39514,291.45470,116.58188
288,14.40000,48.33527,47.78657,292.05583,116.82233
289,14.45000,48.10629,47.18456,292.64940,117.05976
290,14.50000,47.88127,46.58907,293.23547,117.29419
291,14.55000,47.66012,46.00007,293.81415,117.52566
292,14.60000,47.44277,45.41753,294.38550,117.75420
293,14.65000,47.22915,44.84139,294.94961,117.97985
294,14.70000,47.01918,44.27163,295.50656,118.20263
295,14.75000,46.81280,43.70820,296.05643,118.42257
296,14.80000,46.60994,43.15105,296.59930,118.63972
297,14.85000,46.41052,42.60015,297.13523,118.85409
298,14.90000,46.21450,42.05545,297.66433,119.06573
299,14.95000,46.02179,41.51691,298.18665,119.27466
300,15.00000,45.83234,40.98448,298.70227,119.48091
301,15.05000,45.64608,40.45812,299.21128,119.68451
302,15.10000,45.46297,39.93778,299.71375,119.88550
303,15.15000,45.28293,39.42342,300.20975,120.08390
304,15.20000,45.10591,38.91499,300.69936,120.27974
305,15.25000,44.93185,38.41244,301.18265,120.47306
306,15.30000,44.76070,37.91572,301.65970,120.66388
307,15.35000,44.59240,37.42480,302.13057,120.85223
308,15.40000,44.42691,36.93961,302.59534,121.03814
309,15.45000,44.26417,36.46012,303.05408,121.22163
310,15.50000,44.10412,35.98627,303.50687,121.40275
311,15.55000,43.94672,35.51801,303.95376,121.58151
312,15.60000,43.79192,35.05530,304.39484,121.75794
313,15.65000,43.63968,34.59809,304.83017,121.93207
314,15.70000,43.48994,34.14632,305.25982,122.10393
315,15.75000,43.34266,33.69995,305.68385,122.27354
316,15.80000,43.19779,33.25894,306.10234,122.44093
317,15.85000,43.05530,32.82322,306.51534,122.60614
318,15.90000,42.91514,32.39275,306.92294,122.76918
319,15.95000,42.77726,31.96748,307.32518,122.93007
320,16.00000,42.64163,31.54737,307.72215,123.08886
321,16.05000,42.50820,31.13235,308.11389,123.24556
322,16.10000,42.37694,30.72239,308.50048,123.40019
323,16.15000,42.24780,30.31744,308.88197,123.55279
324,16.20000,42.12076,29.91744,309.25843,123.70337
325,16.25000,41.99576,29.52234,309.62993,123.85197
326,16.30000,41.87278,29.13210,309.99651,123.99861
327,16.35000,41.75178,28.74667,310.35825,124.14330
328,16.40000,41.63272,28.36600,310.71520,124.28608
329,16.45000,41.51558,27.99003,311.06742,124.42697
330,16.50000,41.40031,27.61873,311.41497,124.56599
331,16.55000,41.28688,27.25205,311.75791,124.70316
332,16.60000,41.17527,26.88993,312.09629,124.83852
333,16.65000,41.06543,26.53232,312.43017,124.97207
334,16.70000,40.95735,26.17919,312.75962,125.10385
335,16.75000,40.85098,25.83048,313.08467,125.23387
336,16.80000,40.74630,25.48615,313.40540,125.36216
337,16.85000,40.64327,25.14614,313.72184,125.48874
338,16.90000,40.54188,24.81042,314.03407,125.61363
339,16.95000,40.44209,24.47894,314.34212,125.73685
340,17.00000,40.34388,24.15164,314.64606,125.85842
341,17.05000,40.24721,23.82849,314.94593,125.97837
342,17.10000,40.15206,23.50943,315.24179,126.09672
343,17.15000,40.05841,23.19443,315.53368,126.21347
344,17.20000,39.96623,22.88344,315.82167,126.32867
345,17.25000,39.87549,22.57641,316.10579,126.44231
346,17.30000,39.78617,22.27330,316.38609,126.55444
347,17.35000,39.69825,21.97406,316.66263,126.66505
348,17.40000,39.61170,21.67866,316.93546,126.77418
349,17.45000,39.52649,21.38704,317.20462,126.88185
350,17.50000,39.44262,21.09917,317.47015,126.98806
351,17.55000,39.36004,20.81500,317.73211,127.09284
352,17.60000,39.27875,20.53449,317.99054,127.19622
353,17.65000,39.19872,20.25759,318.24549,127.29820
354,17.70000,39.11993,19.98427,318.49700,127.39880
355,17.75000,39.04236,19.71449,318.74511,127.49804
356,17.80000,38.96599,19.44819,318.98987,127.59595
357,17.85000,38.89079,19.18535,319.23133,127.69253
358,17.90000,38.81675,18.92592,319.46952,127.78781
359,17.95000,38.74386,18.66986,319.70449,127.88180
360,18.00000,38.67208,18.41713,319.93628,127.97451
361,18.05000,38.60140,18.16769,320.16493,128.06597
362,18.10000,38.53181,17.92151,320.39049,128.15619
363,18.15000,38.46329,17.67853,320.61298,128.24519
364,18.20000,38.39581,17.43874,320.83246,128.33299
365,18.25000,38.32937,17.20208,321.04897,128.41959
366,18.30000,38.26394,16.96852,321.26253,128.50501
367,18.35000,38.19951,16.73803,321.47319,128.58928
368,18.40000,38.13606,16.51056,321.68099,128.67240
369,18.45000,38.07357,16.28607,321.88597,128.75439
370,18.50000,38.01204,16.06455,322.08816,128.83526
371,18.55000,37.95144,15.84593,322.28759,128.91504
372,18.60000,37.89176,15.63020,322.48432,128.99373
373,18.65000,37.83298,15.41731,322.67836,129.07134
374,18.70000,37.77509,15.20724,322.86976,129.14790
375,18.75000,37.71808,14.99994,323.05855,129.22342
376,18.80000,37.66194,14.79538,323.24477,129.29791
377,18.85000,37.60664,14.59354,323.42845,129.37138
378,18.90000,37.55217,14.39436,323.60962,129.44385
379,18.95000,37.49852,14.19783,323.78832,129.51533
380,19.00000,37.44568,14.00391,323.96458,129.58583
381,19.05000,37.39364,13.81256,324.13843,129.65537
382,19.10000,37.34238,13.62376,324.30990,129.72396
383,19.15000,37.29189,13.43747,324.47903,129.79161
384,19.20000,37.24215,13.25366,324.64585,129.85834
385,19.25000,37.19317,13.07230,324.81038,129.92415
386,19.30000,37.14491,12.89336,324.97267,129.98907
387,19.35000,37.09738,12.71680,325.13273,130.05309
388,19.40000,37.05055,12.54261,325.29060,130.11624
389,19.45000,37.00443,12.37074,325.44630,130.17852
390,19.50000,36.95900,12.20118,325.59987,130.23995
391,19.55000,36.91424,12.03388,325.75134,130.30054
392,19.60000,36.87015,11.86883,325.90073,130.36029
393,19.65000,36.82671,11.70599,326.04807,130.41923
394,19.70000,36.78393,11.54533,326.19339,130.47736
395,19.75000,36.74178,11.38683,326.33671,130.53469
396,19.80000,36.70025,11.23045,326.47807,130.59123
397,19.85000,36.65934,11.07618,326.61748,130.64699
398,19.90000,36.61904,10.92399,326.75498,130.70199
399,19.95000,36.57933,10.77384,326.89059,130.75624
400,20.00000,36.54021,10.62571,327.02434,130.80973
401,20.05000,36.50168,10.47958,327.15624,130.86250
402,20.10000,36.46371,10.33542,327.28633,130.91453
403,20.15000,36.42630,10.19321,327.41464,130.96585
404,20.20000,36.38944,10.05291,327.54117,131.01647
405,20.25000,36.35313,9.91451,327.66597,131.06639
406,20.30000,36.31736,9.77798,327.78904,131.11562
407,20.35000,36.28211,9.64330,327.91042,131.16417
408,20.40000,36.24738,9.51044,328.03013,131.21205
409,20.45000,36.21316,9.37937,328.14819,131.25928
410,20.50000,36.17944,9.25008,328.26463,131.30585
411,20.55000,36.14622,9.12254,328.37945,131.35178
412,20.60000,36.11349,8.99673,328.49270,131.39708
413,20.65000,36.08124,8.87263,328.60438,131.44175
414,20.70000,36.04946,8.75021,328.71452,131.48581
415,20.75000,36.01815,8.62945,328.82314,131.52926
416,20.80000,35.98730,8.51034,328.93026,131.57210
417,20.85000,35.95689,8.39284,329.03591,131.61436
418,20.90000,35.92694,8.27694,329.14009,131.65604
419,20.95000,35.89742,8.16261,329.24284,131.69713
420,21.00000,35.86833,8.04984,329.34416,131.73766
421,21.05000,35.83967,7.93861,329.44409,131.77764
422,21.10000,35.81143,7.82889,329.54263,131.81705
423,21.15000,35.78360,7.72066,329.63982,131.85593
424,21.20000,35.75617,7.61391,329.73566,131.89426
425,21.25000,35.72914,7.50862,329.83017,131.93207
426,21.30000,35.70251,7.40476,329.92338,131.96935
427,21.35000,35.67627,7.30232,330.01529,132.00612
428,21.40000,35.65041,7.20128,330.10594,132.04238
429,21.45000,35.62492,7.10161,330.19533,132.07813
430,21.50000,35.59981,7.00331,330.28349,132.11339
431,21.55000,35.57506,6.90635,330.37042,132.14817
432,21.60000,35.55067,6.81072,330.45615,132.18246
433,21.65000,35.52663,6.71640,330.54069,132.21628
434,21.70000,35.50294,6.62336,330.62407,132.24963
435,21.75000,35.47960,6.53160,330.70628,132.28251
436,21.80000,35.45659,6.44110,330.78736,132.31494
437,21.85000,35.43392,6.35184,330.86732,132.34693
438,21.90000,35.41158,6.26380,330.94616,132.37847
439,21.95000,35.38956,6.17696,331.02392,132.40957
440,22.00000,35.36786,6.09132,331.10059,132.44024
441,22.05000,35.34647,6.00685,331.17620,132.47048
442,22.10000,35.32539,5.92354,331.25077,132.50031
443,22.15000,35.30462,5.84137,331.32430,132.52972
444,22.20000,35.28414,5.76033,331.39681,132.55872
445,22.25000,35.26396,5.68040,331.46831,132.58732
446,22.30000,35.24408,5.60157,331.53882,132.61553
447,22.35000,35.22448,5.52383,331.60835,132.64334
448,22.40000,35.20516,5.44715,331.67692,132.67077
449,22.45000,35.18612,5.37152,331.74454,132.69781
450,22.50000,35.16736,5.29694,331.81121,132.72449
451,22.55000,35.14887,5.22338,331.87696,132.75079
452,22.60000,35.13064,5.15084,331.94180,132.77672
453,22.65000,35.11268,5.07929,332.00574,132.80230
454,22.70000,35.09497,5.00873,332.06879,132.82752
455,22.75000,35.07752,4.93914,332.13096,132.85238
456,22.80000,35.06032,4.87050,332.19227,132.87691
457,22.85000,35.04336,4.80282,332.25273,132.90109
458,22.90000,35.02665,4.73606,332.31235,132.92494
459,22.95000,35.01019,4.67023,332.37113,132.94845
460,23.00000,34.99395,4.60530,332.42911,132.97164
461,23.05000,34.97795,4.54127,332.48627,132.99451
462,23.10000,34.96218,4.47812,332.54264,133.01706
463,23.15000,34.94664,4.41584,332.59823,133.03929
464,23.20000,34.93132,4.35443,332.65304,133.06122
465,23.25000,34.91622,4.29386,332.70709,133.08284
466,23.30000,34.90133,4.23412,332.76039,133.10416
467,23.35000,34.88666,4.17521,332.81295,133.12518
468,23.40000,34.87220,4.11712,332.86477,133.14591
469,23.45000,34.85794,4.05983,332.91588,133.16635
470,23.50000,34.84389,4.00332,332.96627,133.18651
471,23.55000,34.83005,3.94760,333.01597,133.20639
472,23.60000,34.81639,3.89265,333.06497,133.22599
473,23.65000,34.80294,3.83846,333.11328,133.24531
474,23.70000,34.78968,3.78502,333.16093,133.26437
475,23.75000,34.77660,3.73232,333.20791,133.28317
476,23.80000,34.76371,3.68035,333.25424,133.30170
477,23.85000,34.75101,3.62909,333.29992,133.31997
478,23.90000,34.73849,3.57855,333.34497,133.33799
479,23.95000,34.72615,3.52870,333.38939,133.35576
480,24.00000,34.71398,3.47955,333.43319,133.37328
481,24.05000,34.70199,3.43107,333.47638,133.39055
482,24.10000,34.69017,3.38327,333.51897,133.40759
483,24.15000,34.67852,3.33613,333.56097,133.42439
484,24.20000,34.66703,3.28964,333.60238,133.44095
485,24.25000,34.65571,3.24380,333.64321,133.45728
486,24.30000,34.64455,3.19859,333.68348,133.47339
487,24.35000,34.63354,3.15401,333.72318,133.48927
488,24.40000,34.62270,3.11004,333.76233,133.50493
489,24.45000,34.61201,3.06669,333.80093,133.52037
490,24.50000,34.60147,3.02393,333.83900,133.53560
491,24.55000,34.59108,2.98177,333.87653,133.55061
492,24.60000,34.58084,2.94020,333.91354,133.56542
493,24.65000,34.57074,2.89920,333.95004,133.58002
494,24.70000,34.56079,2.85877,333.98603,133.59441
495,24.75000,34.55098,2.81890,334.02151,133.60860
496,24.80000,34.54131,2.77958,334.05650,133.62260
497,24.85000,34.53178,2.74081,334.09100,133.63640
498,24.90000,34.52238,2.70258,334.12502,133.65001
499,24.95000,34.51312,2.66488,334.15857,133.66343
500,25.00000,34.50399,2.62770,334.19165,133.67666
501,25.05000,34.49499,2.59104,334.22427,133.68971
502,25.10000,34.48611,2.55489,334.25643,133.70257
503,25.15000,34.47736,2.51924,334.28814,133.71526
504,25.20000,34.46874,2.48409,334.31941,133.72776
505,25.25000,34.46024,2.44942,334.35024,133.74010
506,25.30000,34.45186,2.41524,334.38065,133.75226
507,25.35000,34.44360,2.38153,334.41063,133.76425
508,25.40000,34.43545,2.34829,334.44019,133.77608
509,25.45000,34.42742,2.31551,334.46934,133.78773
510,25.50000,34.41951,2.28318,334.49808,133.79923
511,25.55000,34.41170,2.25131,334.52642,133.81057
512,25.60000,34.40401,2.21988,334.55436,133.82174
513,25.65000,34.39643,2.18889,334.58192,133.83277
514,25.70000,34.38895,2.15833,334.60909,133.84363
515,25.75000,34.38158,2.12819,334.63588,133.85435
516,25.80000,34.37432,2.09847,334.66229,133.86492
517,25.85000,34.36716,2.06917,334.68834,133.87534
518,25.90000,34.36010,2.04027,334.71402,133.88561
519,25.95000,34.35314,2.01178,334.73935,133.89574
520,26.00000,34.34627,1.98368,334.76432,133.90573
521,26.05000,34.33951,1.95597,334.78894,133.91558
522,26.10000,34.33284,1.92865,334.81322,133.92529
523,26.15000,34.32627,1.90171,334.83716,133.93486
524,26.20000,34.31978,1.87515,334.86076,133.94431
525,26.25000,34.31339,1.84895,334.88404,133.95362
526,26.30000,34.30709,1.82312,334.90699,133.96280
527,26.35000,34.30088,1.79765,334.92962,133.97185
528,26.40000,34.29476,1.77253,334.95193,133.98077
529,26.45000,34.28873,1.74777,334.97393,133.98957
530,26.50000,34.28278,1.72334,334.99563,133.99825
531,26.55000,34.27691,1.69926,335.01702,134.00681
532,26.60000,34.27113,1.67552,335.03811,134.01524
533,26.65000,34.26543,1.65210,335.05891,134.02356
534,26.70000,34.25980,1.62901,335.07942,134.03177
535,26.75000,34.25426,1.60625,335.09964,134.03985
536,26.80000,34.24880,1.58380,335.11957,134.04783
537,26.85000,34.24341,1.56166,335.13923,134.05569
538,26.90000,34.23810,1.53983,335.15862,134.06345
539,26.95000,34.23287,1.51831,335.17773,134.07109
540,27.00000,34.22771,1.49709,335.19657,134.07863
541,27.05000,34.22262,1.47616,335.21516,134.08606
542,27.10000,34.21760,1.45552,335.23348,134.09339
543,27.15000,34.21266,1.43518,335.25155,134.10062
544,27.20000,34.20778,1.41511,335.26936,134.10774
545,27.25000,34.20298,1.39533,335.28693,134.11477
546,27.30000,34.19824,1.37582,335.30424,134.12170
547,27.35000,34.19357,1.35658,335.32132,134.12853
548,27.40000,34.18896,1.33761,335.33816,134.13526
549,27.45000,34.18442,1.31891,335.35476,134.14191
550,27.50000,34.17994,1.30047,335.37113,134.14845
551,27.55000,34.17553,1.28228,335.38728,134.15491
552,27.60000,34.17118,1.26435,335.40319,134.16128
553,27.65000,34.16689,1.24667,335.41889,134.16755
554,27.70000,34.16266,1.22924,335.43436,134.17374
555,27.75000,34.15849,1.21205,335.44962,134.17985
556,27.80000,34.15438,1.19509,335.46466,134.18586
557,27.85000,34.15033,1.17838,335.47950,134.19180
558,27.90000,34.14633,1.16190,335.49412,134.19765
559,27.95000,34.14239,1.14565,335.50854,134.20342
560,28.00000,34.13851,1.12962,335.52276,134.20911
561,28.05000,34.13468,1.11382,335.53679,134.21471
562,28.10000,34.13090,1.09824,335.55061,134.22024
563,28.15000,34.12718,1.08288,335.56424,134.22570
564,28.20000,34.12351,1.06773,335.57768,134.23107
565,28.25000,34.11989,1.05279,335.59094,134.23637
566,28.30000,34.11633,1.03807,335.60400,134.24160
567,28.35000,34.11281,1.02354,335.61689,134.24676
568,28.40000,34.10934,1.00922,335.62959,134.25184
569,28.45000,34.10593,0.99511,335.64212,134.25685
570,28.50000,34.10256,0.98118,335.65447,134.26179
571,28.55000,34.09923,0.96746,335.66665,134.26666
572,28.60000,34.09596,0.95392,335.67866,134.27146
573,28.65000,34.09273,0.94057,335.69050,134.27620
574,28.70000,34.08954,0.92741,335.70217,134.28087
575,28.75000,34.08640,0.91443,335.71369,134.28547
576,28.80000,34.08331,0.90164,335.72504,134.29001
577,28.85000,34.08026,0.88902,335.73623,134.29449
578,28.90000,34.07725,0.87658,335.74726,134.29891
579,28.95000,34.07428,0.86432,335.75814,134.30326
580,29.00000,34.07136,0.85222,335.76887,134.30755
581,29.05000,34.06848,0.84029,335.77945,134.31178
582,29.10000,34.06563,0.82854,335.78988,134.31595
583,29.15000,34.06283,0.81694,335.80016,134.32007
584,29.20000,34.06007,0.80551,335.81030,134.32412
585,29.25000,34.05734,0.79423,335.82030,134.32812
586,29.30000,34.05466,0.78312,335.83016,134.33206
587,29.35000,34.05201,0.77216,335.83988,134.33595
588,29.40000,34.04940,0.76135,335.84946,134.33979
589,29.45000,34.04682,0.75069,335.85891,134.34357
590,29.50000,34.04429,0.74019,335.86823,134.34729
591,29.55000,34.04178,0.72983,335.87742,134.35097
592,29.60000,34.03932,0.71961,335.88648,134.35459
593,29.65000,34.03689,0.70954,335.89541,134.35816
594,29.70000,34.03449,0.69961,335.90422,134.36169
595,29.75000,34.03212,0.68981,335.91290,134.36516
596,29.80000,34.02979,0.68016,335.92146,134.36859
597,29.85000,34.02749,0.67064,335.92991,134.37196
598,29.90000,34.02523,0.66125,335.93823,134.37529
599,29.95000,34.02299,0.65199,335.94644,134.37858
600,30.00000,34.02079,0.64287,335.95453,134.38181
601,30.05000,34.01862,0.63387,335.96251,134.38500
602,30.10000,34.01648,0.62499,335.97038,134.38815
603,30.15000,34.01437,0.61624,335.97814,134.39125
604,30.20000,34.01229,0.60762,335.98578,134.39431
605,30.25000,34.01023,0.59911,335.99333,134.39733
606,30.30000,34.00821,0.59072,336.00076,134.40031
607,30.35000,34.00622,0.58245,336.00810,134.40324
608,30.40000,34.00425,0.57430,336.01532,134.40613
609,30.45000,34.00231,0.56626,336.02245,134.40898
610,30.50000,34.00040,0.55833,336.02948,134.41179
611,30.55000,33.99851,0.55051,336.03641,134.41456
612,30.60000,33.99666,0.54280,336.04324,134.41730
613,30.65000,33.99482,0.53520,336.04998,134.41999
614,30.70000,33.99302,0.52771,336.05663,134.42265
615,30.75000,33.99123,0.52032,336.06318,134.42527
616,30.80000,33.98948,0.51303,336.06963,134.42785
617,30.85000,33.98775,0.50585,336.07600,134.43040
618,30.90000,33.98604,0.49877,336.08228,134.43291
619,30.95000,33.98436,0.49178,336.08847,134.43539
620,31.00000,33.98270,0.48490,336.09458,134.43783
621,31.05000,33.98106,0.47811,336.10059,134.44024
622,31.10000,33.97945,0.47141,336.10653,134.44261
623,31.15000,33.97786,0.46481,336.11238,134.44495
624,31.20000,33.97629,0.45830,336.11815,134.44726
625,31.25000,33.97474,0.45188,336.12384,134.44954
626,31.30000,33.97322,0.44556,336.12945,134.45178
627,31.35000,33.97172,0.43932,336.13498,134.45399
628,31.40000,33.97023,0.43316,336.14043,134.45617
629,31.45000,33.96877,0.42710,336.14581,134.45832
630,31.50000,33.96733,0.42112,336.15111,134.46044
631,31.55000,33.96591,0.41522,336.15633,134.46253
632,31.60000,33.96451,0.40941,336.16149,134.46460
633,31.65000,33.96313,0.40367,336.16657,134.46663
634,31.70000,33.96177,0.39802,336.17158,134.46863
635,31.75000,33.96043,0.39244,336.17652,134.47061
636,31.80000,33.95910,0.38695,336.18139,134.47256
637,31.85000,33.95780,0.38153,336.18619,134.47448
638,31.90000,33.95651,0.37619,336.19093,134.47637
639,31.95000,33.95524,0.37092,336.19560,134.47824
640,32.00000,33.95399,0.36572,336.20020,134.48008
641,32.05000,33.95276,0.36060,336.20474,134.48190
642,32.10000,33.95154,0.35555,336.20922,134.48369
643,32.15000,33.95035,0.35057,336.21363,134.48545
644,32.20000,33.94916,0.34566,336.21798,134.48719
645,32.25000,33.94800,0.34082,336.22227,134.48891
646,32.30000,33.94685,0.33604,336.22650,134.49060
647,32.35000,33.94572,0.33134,336.23068,134.49227
648,32.40000,33.94460,0.32670,336.23479,134.49392
649,32.45000,33.94350,0.32212,336.23884,134.49554
650,32.50000,33.94241,0.31761,336.24284,134.49714
651,32.55000,33.94134,0.31316,336.24678,134.49871
652,32.60000,33.94029,0.30877,336.25067,134.50027
653,32.65000,33.93925,0.30445,336.25450,134.50180
654,32.70000,33.93822,0.30018,336.25828,134.50331
655,32.75000,33.93721,0.29598,336.26201,134.50480
656,32.80000,33.93621,0.29183,336.26568,134.50627
657,32.85000,33.93523,0.28775,336.26930,134.50772
658,32.90000,33.93426,0.28372,336.27288,134.50915
659,32.95000,33.93330,0.27974,336.27640,134.51056
660,33.00000,33.93236,0.27582,336.27987,134.51195
661,33.05000,33.93143,0.27196,336.28329,134.51332
662,33.10000,33.93051,0.26815,336.28667,134.51467
663,33.15000,33.92961,0.26439,336.29000,134.51600
664,33.20000,33.92872,0.26069,336.29328,134.51731
665,33.25000,33.92784,0.25704,336.29651,134.51861
666,33.30000,33.92698,0.25344,336.29970,134.51988
667,33.35000,33.92612,0.24989,336.30285,134.52114
668,33.40000,33.92528,0.24639,336.30595,134.52238
669,33.45000,33.92445,0.24293,336.30901,134.52360
670,33.50000,33.92363,0.23953,336.31203,134.52481
671,33.55000,33.92283,0.23618,336.31500,134.52600
672,33.60000,33.92203,0.23287,336.31793,134.52717
673,33.65000,33.92125,0.22961,336.32082,134.52833
674,33.70000,33.92047,0.22639,336.32367,134.52947
675,33.75000,33.91971,0.22322,336.32648,134.53059
676,33.80000,33.91896,0.22009,336.32925,134.53170
677,33.85000,33.91822,0.21701,336.33198,134.53279
678,33.90000,33.91749,0.21397,336.33468,134.53387
679,33.95000,33.91677,0.21097,336.33733,134.53493
680,34.00000,33.91605,0.20801,336.33995,134.53598
681,34.05000,33.91535,0.20510,336.34253,134.53701
682,34.10000,33.91466,0.20223,336.34508,134.53803
683,34.15000,33.91398,0.19939,336.34759,134.53904
684,34.20000,33.91331,0.19660,336.35006,134.54003
685,34.25000,33.91265,0.19385,336.35250,134.54100
686,34.30000,33.91200,0.19113,336.35491,134.54196
687,34.35000,33.91135,0.18845,336.35728,134.54291
688,34.40000,33.91072,0.18581,336.35962,134.54385
689,34.45000,33.91009,0.18321,336.36193,134.54477
690,34.50000,33.90948,0.18064,336.36420,134.54568
691,34.55000,33.90887,0.17811,336.36644,134.54658
692,34.60000,33.90827,0.17562,336.36865,134.54746
693,34.65000,33.90768,0.17316,336.37083,134.54833
694,34.70000,33.90709,0.17073,336.37298,134.54919
695,34.75000,33.90652,0.16834,336.37510,134.55004
696,34.80000,33.90595,0.16598,336.37719,134.55088
697,34.85000,33.90539,0.16365,336.37925,134.55170
698,34.90000,33.90484,0.16136,336.38128,134.55251
699,34.95000,33.90430,0.15910,336.38329,134.55331
700,35.00000,33.90376,0.15687,336.38526,134.55410
701,35.05000,33.90323,0.15467,336.38721,134.55488
702,35.10000,33.90271,0.15251,336.38913,134.55565
703,35.15000,33.90220,0.15037,336.39102,134.55641
704,35.20000,33.90169,0.14826,336.39289,134.55716
705,35.25000,33.90120,0.14619,336.39473,134.55789
706,35.30000,33.90070,0.14414,336.39654,134.55862
707,35.35000,33.90022,0.14212,336.39833,134.55933
708,35.40000,33.89974,0.14013,336.40010,134.56004
709,35.45000,33.89927,0.13816,336.40183,134.56073
710,35.50000,33.89880,0.13623,336.40355,134.56142
711,35.55000,33.89834,0.13432,336.40524,134.56210
712,35.60000,33.89789,0.13244,336.40691,134.56276
713,35.65000,33.89745,0.13058,336.40855,134.56342
714,35.70000,33.89701,0.12875,336.41017,134.56407
715,35.75000,33.89657,0.12695,336.41177,134.56471
716,35.80000,33.89615,0.12517,336.41335,134.56534
717,35.85000,33.89572,0.12342,336.41490,134.56596
718,35.90000,33.89531,0.12169,336.41643,134.56657
719,35.95000,33.89490,0.11998,336.41794,134.56718
720,36.00000,33.89450,0.11830,336.41943,134.56777
721,36.05000,33.89410,0.11664,336.42090,134.56836
722,36.10000,33.89371,0.11501,336.42235,134.56894
723,36.15000,33.89332,0.11340,336.42378,134.56951
724,36.20000,33.89294,0.11181,336.42518,134.57007
725,36.25000,33.89256,0.11024,336.42657,134.57063
726,36.30000,33.89219,0.10870,336.42794,134.57118
727,36.35000,33.89182,0.10717,336.42929,134.57172
728,36.40000,33.89146,0.10567,336.43062,134.57225
729,36.45000,33.89111,0.10419,336.43193,134.57277
730,36.50000,33.89076,0.10273,336.43322,134.57329
731,36.55000,33.89041,0.10129,336.43450,134.57380
732,36.60000,33.89007,0.09987,336.43576,134.57430
733,36.65000,33.88973,0.09847,336.43699,134.57480
734,36.70000,33.88940,0.09709,336.43822,134.57529
735,36.75000,33.88908,0.09573,336.43942,134.57577
736,36.80000,33.88875,0.09439,336.44061,134.57624
737,36.85000,33.88844,0.09307,336.44178,134.57671
738,36.90000,33.88812,0.09176,336.44294,134.57717
739,36.95000,33.88781,0.09048,336.44408,134.57763
740,37.00000,33.88751,0.08921,336.44520,134.57808
741,37.05000,33.88721,0.08796,336.44631,134.57852
742,37.10000,33.88691,0.08673,336.44740,134.57896
743,37.15000,33.88662,0.08551,336.44848,134.57939
744,37.20000,33.88633,0.08431,336.44954,134.57981
745,37.25000,33.88605,0.08313,336.45058,134.58023
746,37.30000,33.88577,0.08197,336.45161,134.58065
747,37.35000,33.88549,0.08082,336.45263,134.58105
748,37.40000,33.88522,0.07969,336.45364,134.58145
749,37.45000,33.88495,0.07857,336.45462,134.58185
750,37.50000,33.88469,0.07747,336.45560,134.58224
751,37.55000,33.88443,0.07638,336.45656,134.58262
752,37.60000,33.88417,0.07531,336.45751,134.58300
753,37.65000,33.88392,0.07426,336.45844,134.58338
754,37.70000,33.88367,0.07322,336.45937,134.58375
755,37.75000,33.88342,0.07219,336.46027,134.58411
756,37.80000,33.88318,0.07118,336.46117,134.58447
757,37.85000,33.88294,0.07018,336.46205,134.58482
758,37.90000,33.88270,0.06920,336.46293,134.58517
759,37.95000,33.88247,0.06823,336.46378,134.58551
760,38.00000,33.88224,0.06727,336.46463,134.58585
761,38.05000,33.88202,0.06633,336.46547,134.58619
762,38.10000,33.88179,0.06540,336.46629,134.58652
763,38.15000,33.88157,0.06449,336.46710,134.58684
764,38.20000,33.88136,0.06358,336.46790,134.58716
765,38.25000,33.88114,0.06269,336.46869,134.58748
766,38.30000,33.88093,0.06181,336.46947,134.58779
767,38.35000,33.88072,0.06095,336.47024,134.58809
768,38.40000,33.88052,0.06009,336.47099,134.58840
769,38.45000,33.88032,0.05925,336.47174,134.58870
770,38.50000,33.88012,0.05842,336.47247,134.58899
771,38.55000,33.87992,0.05760,336.47320,134.58928
772,38.60000,33.87973,0.05679,336.47391,134.58957
773,38.65000,33.87954,0.05600,336.47462,134.58985
774,38.70000,33.87935,0.05521,336.47531,134.59013
775,38.75000,33.87916,0.05444,336.47600,134.59040
776,38.80000,33.87898,0.05368,336.47668,134.59067
777,38.85000,33.87880,0.05292,336.47734,134.59094
778,38.90000,33.87862,0.05218,336.47800,134.59120
779,38.95000,33.87844,0.05145,336.47865,134.59146
780,39.00000,33.87827,0.05073,336.47928,134.59171
781,39.05000,33.87810,0.05002,336.47991,134.59197
782,39.10000,33.87793,0.04932,336.48054,134.59221
783,39.15000,33.87777,0.04863,336.48115,134.59246
784,39.20000,33.87760,0.04795,336.48175,134.59270
785,39.25000,33.87744,0.04727,336.48235,134.59294
786,39.30000,33.87728,0.04661,336.48293,134.59317
787,39.35000,33.87712,0.04596,336.48351,134.59340
788,39.40000,33.87697,0.04531,336.48408,134.59363
789,39.45000,33.87682,0.04468,336.48464,134.59386
790,39.50000,33.87667,0.04405,336.48520,134.59408
791,39.55000,33.87652,0.04344,336.48575,134.59430
792,39.60000,33.87637,0.04283,336.48628,134.59451
793,39.65000,33.87623,0.04223,336.48682,134.59473
794,39.70000,33.87609,0.04164,336.48734,134.59494
795,39.75000,33.87595,0.04105,336.48786,134.59514
796,39.80000,33.87581,0.04048,336.48837,134.59535
797,39.85000,33.87567,0.03991,336.48887,134.59555
798,39.90000,33.87554,0.03935,336.48936,134.59575
799,39.95000,33.87541,0.03880,336.48985,134.59594
800,40.00000,33.87528,0.03826,336.49033,134.59613
801,40.05000,33.87515,0.03772,336.49081,134.59632
802,40.10000,33.87502,0.03719,336.49128,134.59651
803,40.15000,33.87490,0.03667,336.49174,134.59670
804,40.20000,33.87477,0.03616,336.49219,134.59688
805,40.25000,33.87465,0.03565,336.49264,134.59706
806,40.30000,33.87453,0.03515,336.49309,134.59723
807,40.35000,33.87441,0.03466,336.49352,134.59741
808,40.40000,33.87430,0.03417,336.49395,134.59758
809,40.45000,33.87418,0.03369,336.49438,134.59775
810,40.50000,33.87407,0.03322,336.49479,134.59792
811,40.55000,33.87396,0.03275,336.49521,134.59808
812,40.60000,33.87385,0.03230,336.49561,134.59825
813,40.65000,33.87374,0.03184,336.49601,134.59841
814,40.70000,33.87363,0.03140,336.49641,134.59856
815,40.75000,33.87352,0.03096,336.49680,134.59872
816,40.80000,33.87342,0.03052,336.49718,134.59887
817,40.85000,33.87332,0.03010,336.49756,134.59902
818,40.90000,33.87322,0.02967,336.49794,134.59917
819,40.95000,33.87312,0.02926,336.49830,134.59932
820,41.00000,33.87302,0.02885,336.49867,134.59947
821,41.05000,33.87292,0.02844,336.49903,134.59961
822,41.10000,33.87282,0.02804,336.49938,134.59975
823,41.15000,33.87273,0.02765,336.49973,134.59989
824,41.20000,33.87264,0.02726,336.50007,134.60003
825,41.25000,33.87255,0.02688,336.50041,134.60016
826,41.30000,33.87246,0.02651,336.50074,134.60030
827,41.35000,33.87237,0.02613,336.50107,134.60043
828,41.40000,33.87228,0.02577,336.50140,134.60056
829,41.45000,33.87219,0.02541,336.50172,134.60069
830,41.50000,33.87211,0.02505,336.50203,134.60081
831,41.55000,33.87202,0.02470,336.50234,134.60094
832,41.60000,33.87194,0.02435,336.50265,134.60106
833,41.65000,33.87186,0.02401,336.50295,134.60118
834,41.70000,33.87178,0.02368,336.50325,134.60130
835,41.75000,33.87170,0.02334,336.50354,134.60142
836,41.80000,33.87162,0.02302,336.50383,134.60153
837,41.85000,33.87154,0.02269,336.50412,134.60165
838,41.90000,33.87146,0.02238,336.50440,134.60176
839,41.95000,33.87139,0.02206,336.50468,134.60187
840,42.00000,33.87131,0.02175,336.50495,134.60198
841,42.05000,33.87124,0.02145,336.50522,134.60209
842,42.10000,33.87117,0.02115,336.50549,134.60219
843,42.15000,33.87110,0.02085,336.50575,134.60230
844,42.20000,33.87103,0.02056,336.50601,134.60240
845,42.25000,33.87096,0.02027,336.50626,134.60251
846,42.30000,33.87089,0.01999,336.50652,134.60261
847,42.35000,33.87082,0.01971,336.50676,134.60271
848,42.40000,33.87076,0.01943,336.50701,134.60280
849,42.45000,33.87069,0.01916,336.50725,134.60290
850,42.50000,33.87063,0.01889,336.50749,134.60299
851,42.55000,33.87056,0.01863,336.50772,134.60309
852,42.60000,33.87050,0.01836,336.50795,134.60318
853,42.65000,33.87044,0.01811,336.50818,134.60327
854,42.70000,33.87038,0.01785,336.50841,134.60336
855,42.75000,33.87032,0.01760,336.50863,134.60345
856,42.80000,33.87026,0.01736,336.50885,134.60354
857,42.85000,33.87020,0.01711,336.50906,134.60362
858,42.90000,33.87014,0.01687,336.50927,134.60371
859,42.95000,33.87009,0.01664,336.50948,134.60379
860,43.00000,33.87003,0.01640,336.50969,134.60388
861,43.05000,33.86998,0.01617,336.50989,134.60396
862,43.10000,33.86992,0.01595,336.51009,134.60404
863,43.15000,33.86987,0.01572,336.51029,134.60412
864,43.20000,33.86982,0.01550,336.51049,134.60419
865,43.25000,33.86976,0.01529,336.51068,134.60427
866,43.30000,33.86971,0.01507,336.51087,134.60435
867,43.35000,33.86966,0.01486,336.51106,134.60442
868,43.40000,33.86961,0.01465,336.51124,134.60450
869,43.45000,33.86956,0.01445,336.51142,134.60457
870,43.50000,33.86951,0.01424,336.51160,134.60464
871,43.55000,33.86947,0.01405,336.51178,134.60471
872,43.60000,33.86942,0.01385,336.51195,134.60478
873,43.65000,33.86937,0.01365,336.51212,134.60485
874,43.70000,33.86933,0.01346,336.51229,134.60492
875,43.75000,33.86928,0.01327,336.51246,134.60498
876,43.80000,33.86924,0.01309,336.51263,134.60505
877,43.85000,33.86919,0.01290,336.51279,134.60512
878,43.90000,33.86915,0.01272,336.51295,134.60518
879,43.95000,33.86911,0.01255,336.51311,134.60524
880,44.00000,33.86906,0.01237,336.51326,134.60530
881,44.05000,33.86902,0.01220,336.51342,134.60537
882,44.10000,33.86898,0.01203,336.51357,134.60543
883,44.15000,33.86894,0.01186,336.51372,134.60549
884,44.20000,33.86890,0.01169,336.51386,134.60555
885,44.25000,33.86886,0.01153,336.51401,134.60560
886,44.30000,33.86882,0.01137,336.51415,134.60566
887,44.35000,33.86878,0.01121,336.51429,134.60572
888,44.40000,33.86875,0.01105,336.51443,134.60577
889,44.45000,33.86871,0.01089,336.51457,134.60583
890,44.50000,33.86867,0.01074,336.51470,134.60588
891,44.55000,33.86864,0.01059,336.51484,134.60594
892,44.60000,33.86860,0.01044,336.51497,134.60599
893,44.65000,33.86857,0.01030,336.51510,134.60604
894,44.70000,33.86853,0.01015,336.51523,134.60609
895,44.75000,33.86850,0.01001,336.51535,134.60614
896,44.80000,33.86846,0.00987,336.51548,134.60619
897,44.85000,33.86843,0.00973,336.51560,134.60624
898,44.90000,33.86840,0.00959,336.51572,134.60629
899,44.95000,33.86836,0.00946,336.51584,134.60634
900,45.00000,33.86833,0.00933,336.51596,134.60638
901,45.05000,33.86830,0.00920,336.51607,134.60643
902,45.10000,33.86827,0.00907,336.51619,134.60647
903,45.15000,33.86824,0.00894,336.51630,134.60652
904,45.20000,33.86821,0.00882,336.51641,134.60656
905,45.25000,33.86818,0.00869,336.51652,134.60661
906,45.30000,33.86815,0.00857,336.51663,134.60665
907,45.35000,33.86812,0.00845,336.51673,134.60669
908,45.40000,33.86809,0.00833,336.51684,134.60674
909,45.45000,33.86807,0.00822,336.51694,134.60678
910,45.50000,33.86804,0.00810,336.51704,134.60682
911,45.55000,33.86801,0.00799,336.51714,134.60686
912,45.60000,33.86798,0.00787,336.51724,134.60690
913,45.65000,33.86796,0.00776,336.51734,134.60694
914,45.70000,33.86793,0.00766,336.51744,134.60698
915,45.75000,33.86791,0.00755,336.51753,134.60701
916,45.80000,33.86788,0.00744,336.51763,134.60705
917,45.85000,33.86786,0.00734,336.51772,134.60709
918,45.90000,33.86783,0.00724,336.51781,134.60712
919,45.95000,33.86781,0.00713,336.51790,134.60716
920,46.00000,33.86778,0.00703,336.51799,134.60720
921,46.05000,33.86776,0.00694,336.51808,134.60723
922,46.10000,33.86774,0.00684,336.51816,134.60726
923,46.15000,33.86771,0.00674,336.51825,134.60730
924,46.20000,33.86769,0.00665,336.51833,134.60733
925,46.25000,33.86767,0.00655,336.51841,134.60737
926,46.30000,33.86765,0.00646,336.51849,134.60740
927,46.35000,33.86762,0.00637,336.51857,134.60743
928,46.40000,33.86760,0.00628,336.51865,134.60746
929,46.45000,33.86758,0.00619,336.51873,134.60749
930,46.50000,33.86756,0.00611,336.51881,134.60752
931,46.55000,33.86754,0.00602,336.51888,134.60755
932,46.60000,33.86752,0.00594,336.51896,134.60758
933,46.65000,33.86750,0.00585,336.51903,134.60761
934,46.70000,33.86748,0.00577,336.51911,134.60764
935,46.75000,33.86746,0.00569,336.51918,134.60767
936,46.80000,33.86744,0.00561,336.51925,134.60770
937,46.85000,33.86742,0.00553,336.51932,134.60773
938,46.90000,33.86740,0.00546,336.51939,134.60775
939,46.95000,33.86739,0.00538,336.51945,134.60778
940,47.00000,33.86737,0.00530,336.51952,134.60781
941,47.05000,33.86735,0.00523,336.51959,134.60783
942,47.10000,33.86733,0.00516,336.51965,134.60786
943,47.15000,33.86731,0.00508,336.51972,134.60789
944,47.20000,33.86730,0.00501,336.51978,134.60791
945,47.25000,33.86728,0.00494,336.51984,134.60794
946,47.30000,33.86726,0.00487,336.51990,134.60796
947,47.35000,33.86725,0.00481,336.51996,134.60798
948,47.40000,33.86723,0.00474,336.52002,134.60801
949,47.45000,33.86722,0.00467,336.52008,134.60803
950,47.50000,33.86720,0.00461,336.52014,134.60806
951,47.55000,33.86718,0.00454,336.52020,134.60808
952,47.60000,33.86717,0.00448,336.52025,134.60810
953,47.65000,33.86715,0.00441,336.52031,134.60812
954,47.70000,33.86714,0.00435,336.52036,134.60815
955,47.75000,33.86712,0.00429,336.52042,134.60817
956,47.80000,33.86711,0.00423,336.52047,134.60819
957,47.85000,33.86710,0.00417,336.52052,134.60821
958,47.90000,33.86708,0.00411,336.52057,134.60823
959,47.95000,33.86707,0.00406,336.52063,134.60825
960,48.00000,33.86705,0.00400,336.52068,134.60827
961,48.05000,33.86704,0.00394,336.52073,134.60829
962,48.10000,33.86703,0.00389,336.52077,134.60831
963,48.15000,33.86701,0.00383,336.52082,134.60833
964,48.20000,33.86700,0.00378,336.52087,134.60835
965,48.25000,33.86699,0.00373,336.52092,134.60837
966,48.30000,33.86698,0.00367,336.52096,134.60839
967,48.35000,33.86696,0.00362,336.52101,134.60840
968,48.40000,33.86695,0.00357,336.52105,134.60842
969,48.45000,33.86694,0.00352,336.52110,134.60844
970,48.50000,33.86693,0.00347,336.52114,134.60846
971,48.55000,33.86692,0.00342,336.52119,134.60847
972,48.60000,33.86690,0.00338,336.52123,134.60849
973,48.65000,33.86689,0.00333,336.52127,134.60851
974,48.70000,33.86688,0.00328,336.52131,134.60852
975,48.75000,33.86687,0.00324,336.52135,134.60854
976,48.80000,33.86686,0.00319,336.52139,134.60856
977,48.85000,33.86685,0.00315,336.52143,134.60857
978,48.90000,33.86684,0.00310,336.52147,134.60859
979,48.95000,33.86683,0.00306,336.52151,134.60860
980,49.00000,33.86682,0.00302,336.52155,134.60862
981,49.05000,33.86681,0.00297,336.52158,134.60863
982,49.10000,33.86680,0.00293,336.52162,134.60865
983,49.15000,33.86679,0.00289,336.52166,134.60866
984,49.20000,33.86678,0.00285,336.52169,134.60868
985,49.25000,33.86677,0.00281,336.52173,134.60869
986,49.30000,33.86676,0.00277,336.52176,134.60871
987,49.35000,33.86675,0.00273,336.52180,134.60872
988,49.40000,33.86674,0.00269,336.52183,134.60873
989,49.45000,33.86673,0.00266,336.52187,134.60875
990,49.50000,33.86672,0.00262,336.52190,134.60876
991,49.55000,33.86671,0.00258,336.52193,134.60877
992,49.60000,33.86671,0.00255,336.52196,134.60879
993,49.65000,33.86670,0.00251,336.52199,134.60880
994,49.70000,33.86669,0.00248,336.52203,134.60881
995,49.75000,33.86668,0.00244,336.52206,134.60882
996,49.80000,33.86667,0.00241,336.52209,134.60883
997,49.85000,33.86666,0.00237,336.52212,134.60885
998,49.90000,33.86666,0.00234,336.52215,134.60886
999,49.95000,33.86665,0.00231,336.52218,134.60887
1000,50.00000,33.86664,0.00227,336.52220,134.60888
